"latitude","longitude","altitude","geometry","coordinates","name","description","_umap_options","code","nom"
"50.106212","1.840478",,"Point",,"ABBEVILLE","<b>10 heures</b> Boulevard Vauban",,1,
"43.31548","3.47166",,"Point",,"AGDE","<b>10 heures</b> Moulin des Évêques","CornflowerBlue",,
"44.198274","0.615631",,"Point",,"AGEN","<b>10 heures</b>
Parc de la Préfecture","DarkTurquoise",1,
"43.56799","4.19054",,"Point",,"AIGUES-MORTES","<b>10 heures</b> Place Anatole France","CornflowerBlue",,
"41.92715","8.738975",,"Point",,"AJACCIO","<b>14 heures</b> Devant la Gare SNCF",,1,
"50.00135","2.65165",,"Point",,"ALBERT","<b>18 heures 30</b> Place de l’hôtel de ville",,,
"45.672866","6.383421",,"Point",,"ALBERTVILLE","<b>10 heures</b> Gare SNCF",,1,
"43.92714","2.14789",,"Point",,"ALBI","<b>14 heures 30</b> Place du Vigan","CornflowerBlue",1,
"48.43407","0.093762",,"Point",,"ALENÇON","<b>11 heures</b> Place du Général de Gaulle","DarkTurquoise",1,
"44.127656","4.084656",,"Point",,"ALÈS","<b>10 heures</b> Gare SNCF","CornflowerBlue",1,
"45.96040","5.34828",,"Point",,"AMBÉRIEUX-EN-BUGEY","<b>10 heures</b> Espace 1500",,,
"45.553111","3.740458",,"Point",,"AMBERT","<b>18 heures</b> Rond-point Hôpital",,,
"49.894068","2.292323",,"Point",,"AMIENS","<b>14 heures</b> Maison de la Culture",,1,
"47.373296","-1.178799",,"Point",,"ANCENIS","<b>10 heures</b> Rassemblement station Esso",,1,
"47.471452","-0.545315",,"Point",,"ANGERS","<b>14 heures</b> Place du Maréchal Leclerc",,1,
"45.64774","0.15435",,"Point",,"ANGOULÊME","<b>14 heures</b> Gare SNCF","DarkTurquoise",1,
"45.902254","6.128818",,"Point",,"ANNECY","<b>14 heures</b> Préfecture",,1,
"46.193044","6.234119",,"Point",,"ANNEMASSE","<b>17 heures</b>
Place de l'Hôtel de Ville",,,
"45.243897","4.668551",,"Point",,"ANNONAY","<b>14 heures 30</b> Gare routière",,1,
"48.748546","-0.027262",,"Point",,"ARGENTAN","<b>10 heures 30</b> Rond-point Carrefour Market","DarkTurquoise",1,
"46.58556","1.522615",,"Point",,"ARGENTON-SUR-CREUSE","<b>15 heures</b> Place de Champ de Foire","CornflowerBlue",1,
"50.287403","2.780968",,"Point",,"ARRAS","<b>9 heures 30</b>
Place de la Gare",,1,
"43.675102","4.628023",,"Point",,"ARLES","<b>10 heures 30</b>
Kiosque à musique","DarkTurquoise",,
"44.61553","4.40128",,"Point",,"AUBENAS","<b>13 heures 30</b> Rond-point Ponson",,1,
"43.663273","0.599125",,"Point",,"AUCH","<b>10 heures 30</b> Rond-point des Justes","CornflowerBlue",1,
"44.921072","2.435306",,"Point",,"AURILLAC","<b>14 heures</b> Gare SNCF",,1,
"46.954803","4.29338",,"Point",,"AUTUN","<b>14 heures 30</b> Parking de la gare","DarkTurquoise",1,
"47.791971","3.566861",,"Point",,"AUXERRE","<b>14 heures</b> Maison des Syndicats","DarkTurquoise",1,
"43.947292","4.800175",,"Point",,"AVIGNON","<b>10 heures 30</b> Porte Saint-Dominique","DarkTurquoise",1,
"48.68675","-1.361739",,"Point",,"AVRANCHES","<b>14 heures 30</b> Mairie","DarkTurquoise",1,
"44.161511","4.617906",,"Point",,"BAGNOLS-SUR-CÈZE","<b>10 heures 30</b> Monument aux Morts","CornflowerBlue",1,
"48.76636","5.17655",,"Point",,"BAR-LE-DUC","<b>14 heures</b> Parking Lidl Bradfer","CornflowerBlue",1,
"48.23557","4.70108",,"Point",,"BAR-SUR-AUBE","<b>15 heures 30</b> Place du Jard","CornflowerBlue",,
"44.38751","6.65292",,"Point",,"BARCELONETTE","<b>10 heures</b> Place Manuel","DarkTurquoise",,
"42.695526","9.446375",,"Point",,"BASTIA","<b>10 heures</b> Tribunal",,1,
"47.35273","6.36154",,"Point",,"BAUME-LES-DAMES","<b>10 heures</b> Place de la République","DarkTurquoise",,
"43.49697","-1.474716",,"Point",,"BAYONNE","<b>10 heures 30</b> Place Sainte-Ursule","DarkTurquoise",1,
"49.281703","-0.713333",,"Point",,"BAYEUX","<b>17 heures</b>
Place Saint-Patrice","DarkTurquoise",1,
"47.781227","1.616943",,"Point",,"BEAUGENCY","<b>10 heures 30</b> Parking des Chaussées","CornflowerBlue",1,
"47.02727","4.839531",,"Point",,"BEAUNE","<b>10 heures</b>
Porte Saint-Nicolas","DarkTurquoise",1,
"49.451736","2.098839",,"Point",,"BEAUVAIS","<b>14 heures</b> Giratoire Marcel Dassault",,1,
"43.61664","3.15743",,"Point",,"BÉDARIEUX","<b>10 heures 30</b>
Maison des syndicats","CornflowerBlue",1,
"47.641784","6.851413",,"Point",,"BELFORT","<b>10 heures</b> La Maison du Peuple","DarkTurquoise",1,
"47.346732","-3.153291",,"Point",,"BELLE-ÎLE-EN-MER","<b>11 heures</b> Quai Bonnelle","CornflowerBlue",1,
"44.852914","0.48658",,"Point",,"BERGERAC","<b>15 heures</b> Place du Palais","DarkTurquoise",1,
"47.244199","6.020304",,"Point",,"BESANÇON","<b>14 heures</b> Parking Battant","DarkTurquoise",1,
"50.516673","2.630057",,"Point",,"BÉTHUNE","<b>10 heures</b> Place de l’Europe",,1,
"43.345514","3.219705",,"Point",,"BÉZIERS","<b>10 heures 30</b> Maison des syndicats","CornflowerBlue",1,
"44.927117","1.845352",,"Point",,"BIARS-SUR-CÈRE","<b>10 heures</b> Place de la Mairie","CornflowerBlue",1,
"47.579775","1.34531",,"Point",,"BLOIS","<b>14 heures 30</b> Parc Expo","CornflowerBlue",1,
"44.841432","-0.570045",,"Point",,"BORDEAUX","<b>12 heures</b> Place de la Bourse","DarkTurquoise",1,
"43.290897","0.647796",,"Point",,"BOULOGNE-SUR-GESSE","<b>10 heures 30</b> Boulevard du Midi","CornflowerBlue",,
"50.72172","1.607375",,"Point",,"BOULOGNE-SUR-MER","<b>9 heures 30</b> Parvis Victor Planchon",,1,
"46.207034","5.229812",,"Point",,"BOURG-EN-BRESSE","<b>14 heures 30</b> Champ de Foire",,1,
"47.077531","2.399354",,"Point",,"BOURGES","<b>10 heures</b> Place Séraucourt","CornflowerBlue",1,
"45.589291","5.276621",,"Point",,"BOURGOIN-JALLIEU","<b>10 heures</b> Place Saint-Michel",,1,
"46.837622","-0.494865",,"Point",,"BRESSUIRE","<b>14 heures</b> Place Saint-Jacques","DarkTurquoise",1,
"48.390615","-4.485641",,"Point",,"BREST","<b>10 heures 30</b> Place de la Liberté","CornflowerBlue",1,
"44.898467","6.640002",,"Point",,"BRIANÇON","<b>14 heures 30</b> Sous-préfecture","DarkTurquoise",,
"43.406436","6.061984",,"Point",,"BRIGNOLES","<b>18 heures 30</b> Place Caramy","DarkTurquoise",1,
"45.29441","3.38118",,"Point",,"BRIOUDE","<b>10 heures 30</b> Place de Paris",,,
"45.163431","1.534213",,"Point",,"BRIVE-LA-GAILLARDE","<b>15 heures</b> Place de la Guierle","DarkTurquoise",1,
"49.178035","-0.350345",,"Point",,"CAEN","<b>14 heures 30</b> Place Saint-Pierre","DarkTurquoise",1,
"44.461728","1.41906",,"Point",,"CAHORS","<b>14 heures</b> Rond-point Leclerc Auto","CornflowerBlue",1,
"50.952432","1.85375",,"Point",,"CALAIS","<b>9 heures 30</b> Place de la Mairie",,1,
"50.190556","3.259099",,"Point",,"CAMBRAI","<b>10 heures 30</b> Sucrerie Tereos d’Escaudœuvres",,1,
"43.55373","7.02032",,"Point",,"CANNES","<b>10 heures</b> Gare SNCF","DarkTurquoise",,
"43.216929","2.350473",,"Point",,"CARCASSONNE","<b>14 heures 30</b> Square André Chénier","CornflowerBlue",1,
"49.314618","-1.255703",,"Point",,"CARENTAN","<b>14 heures</b> Gare SNCF","DarkTurquoise",,
"48.277881","-3.562843",,"Point",,"CARHAIX-PLOUGUER","<b>10 heures 30</b> Place de la Gare","CornflowerBlue",1,
"43.604227","2.245787",,"Point",,"CASTRES","<b>11 heures</b> Place Soult","CornflowerBlue",1,
"4.92646","-52.28924",,"Point",,"CAYENNE","<b>9 heures</b> Montjoly 2",,,
"46.843168","-1.878898",,"Point",,"CHALLANS","<b>10 heures 30</b> Boulevard Jean Yole – Salle Michel Vrignaud",,1,
"48.96261","4.366572",,"Point",,"CHÂLONS-EN-CHAMPAGNE","<b>10 heures</b> Maison des syndicats","CornflowerBlue",1,
"46.784193","4.865227",,"Point",,"CHALON-SUR-SAÔNE","<b>10 heures</b> Esplanade Sainte-Marie","DarkTurquoise",1,
"45.568141","5.919206",,"Point",,"CHAMBÉRY","<b>14 heures</b> Place du palais de justice",,1,
"49.773702","4.714234",,"Point",,"CHARLEVILLE-MÉZIÈRES","<b>14 heures</b> Avenue Francois Mitterrand","CornflowerBlue",1,
"48.442737","1.485767",,"Point",,"CHARTRES","<b>14 heures 30</b> Théâtre","CornflowerBlue",1,
"47.82706","-0.70659",,"Point",,"CHÂTEAU-GONTIER","<b>17 heures</b> Place Paul Doumer",,,
"49.04009","3.40477",,"Point",,"CHÂTEAU-THIERRY","<b>16 heures</b> Place Paul Doumer",,1,
"47.721225","-1.376123",,"Point",,"CHÂTEAUBRIANT","<b>10 heures</b> Place de la Mairie",,1,
"46.811418","1.691728",,"Point",,"CHÂTEAUROUX","<b>10 heures</b> Place de la République","CornflowerBlue",1,
"46.814041","0.531367",,"Point",,"CHÂTELLERAULT","<b>10 heures</b> Boulevard de l’Envigne – Sécurité Sociale","DarkTurquoise",1,
"48.111146","5.139646",,"Point",,"CHAUMONT","<b>17 heures</b> Place de l'Hôtel de Ville","CornflowerBlue",1,
"49.636579","-1.61925",,"Point",,"CHERBOURG","<b>14 heures</b> Esplanade du Centre commercial des Eléis","DarkTurquoise",1,
"47.16391","0.23757",,"Point",,"CHINON","<b>17 heures</b> Quai Danton","CornflowerBlue",,
"47.044006","-0.897435",,"Point",,"CHOLET","<b>10 heures 30</b> Avenue des Sables",,1,
"46.14857","0.29519",,"Point",,"CIVRAY","<b>10 heures 30</b> Mairie","DarkTurquoise",1,
"45.785748","3.100441",,"Point",,"CLERMONT-FERRAND","<b>10 heures</b> Place du 1er Mai",,1,
"43.62685","3.43492",,"Point",,"CLERMONT-L’HÉRAULT","<b>11 heures</b> Allées Roger Salengro","CornflowerBlue",,
"47.08619","-1.28616",,"Point",,"CLISSON","<b>11 heures</b> Parvis de la gare",,1,
"46.057846","6.580288",,"Point",,"CLUSES","<b>16 heures</b>
Place des Allobroges",,1,
"45.693304","-0.32523",,"Point",,"COGNAC","<b>10 heures</b> Place François 1er","DarkTurquoise",1,
"48.07683","7.354",,"Point",,"COLMAR","<b>14 heures</b> Place Rapp","CornflowerBlue",,
"48.41479","-1.74226",,"Point",,"COMBOURG","<b>18 heures</b> Lycée Châteaubriand","CornflowerBlue",1,
"48.76332","5.59185",,"Point",,"COMMERCY","<b>9 heures 30</b> Place du Château","CornflowerBlue",,
"49.404607","2.781343",,"Point",,"COMPIÈGNE","<b>10 heures</b> Rond-point Carrefour Venette",,,
"48.85081","-0.55238",,"Point",,"CONDÉ-EN-NORMANDIE","<b>17 heures 30</b> Place de la Mairie","DarkTurquoise",,
"48.81523","3.08536",,"Point",,"COULOMMIERS","<b>9 heures 30</b> Halle aux fromages",,,
"49.06948","-1.430111",,"Point",,"COUTANCES","<b>10 heures 30</b> Rond-point des Pommiers","DarkTurquoise",1,
"49.24918","2.47508",,"Point",,"CREIL","<b>10 heures</b> Champ de Mars",,,
"43.712363","-1.050074",,"Point",,"DAX","<b>10 heures</b> Parc des Arènes","DarkTurquoise",1,
"44.56086","2.25424",,"Point",,"DECAZEVILLE","<b>10 heures 30</b> Square Pierre Delpech","CornflowerBlue",,
"49.92211","1.08071",,"Point",,"DIEPPE","<b>10 heures 30</b> Gare","DarkTurquoise",1,
"44.091569","6.231075",,"Point",,"DIGNE-LES-BAINS","<b>14 heures</b> Gare Routière","DarkTurquoise",1,
"47.321236","5.041357",,"Point",,"DIJON","<b>14 heures</b> Place de la Libération","DarkTurquoise",1,
"48.45409","-2.04835",,"Point",,"DINAN","<b>11 heures 30</b> Place Duclos Pinot","CornflowerBlue",1,
"48.54863","-1.75478",,"Point",,"DOL-DE-BRETAGNE","<b>11 heures</b> Boulevard Deminiac (La Poste)","CornflowerBlue",,
"47.091484","5.497799",,"Point",,"DOLE","<b>10 heures 30</b> Avenue de Lahr","DarkTurquoise",,
"50.367618","3.082969",,"Point",,"DOUAI","<b>10 heures</b> Place d’Armes",,1,
"50.15711","2.34103",,"Point",,"DOULLENS","<b>18 heures 30</b> Hôtel de ville",,,
"43.53815","6.461602",,"Point",,"DRAGUIGNAN","<b>10 heures 30</b> Sous-préfecture","DarkTurquoise",1,
"48.731618","1.370244",,"Point",,"DREUX","<b>9 heures 30</b> Gare SNCF","CornflowerBlue",1,
"51.030687","2.36971",,"Point",,"DUNKERQUE","<b>14 heures 30 </b> Place de la Gare",,1,
"49.29206","1.00713",,"Point",,"ELBEUF","<b>17 heures</b> Place de la Mairie","DarkTurquoise",,
"49.044054","3.951111",,"Point",,"ÉPERNAY","<b>10 heures 30</b> Place Carnot","CornflowerBlue",1,
"48.172668","6.448336",,"Point",,"ÉPINAL","<b>14 heures</b> Préfecture","CornflowerBlue",1,
"50.046522","1.423461",,"Point",,"EU","<b>15 heures</b> Place du Champ de Mars","DarkTurquoise",1,
"49.023239","1.136377",,"Point",,"ÉVREUX","<b>14 heures</b>  Rond-point Cora","DarkTurquoise",1,
"48.88965","-0.19544",,"Point",,"FALAISE","<b>17 heures</b> Place Edward Holman","DarkTurquoise",1,
"49.757905","0.385026",,"Point",,"FÉCAMP","<b>14 heures 30</b> Espace Henri Dunant","DarkTurquoise",1,
"44.609328","2.028126",,"Point",,"FIGEAC","<b>11 heures</b> Lycée Jean-François Champollion","CornflowerBlue",1,
"48.750254","-0.566418",,"Point",,"FLERS","<b>17 heures</b> Place du Général de Gaulle","DarkTurquoise",1,
"42.963823","1.606933",,"Point",,"FOIX","<b>14 heures</b> Haut de Villote","CornflowerBlue",1,
"46.467143","-0.809019",,"Point",,"FONTENAY-LE-COMTE","<b>10 heures</b> Place de Verdun",,1,
"48.350359","-1.194607",,"Point",,"FOUGÈRES","<b>17 heures 30</b> Esplanade des Chaussonnières","CornflowerBlue",1,
"50.01555","4.04043",,"Point",,"FOURMIES","<b>9 heures 30</b> Place Georges Coppeaux",,,
"50.07478","1.54186",,"Point",,"FRIVILLE-ESCARBOTIN","<b>15 heures</b> Parking Netto Château d’eau",,1,
"43.93568","3.70887",,"Point",,"GANGES","<b>10 heures</b> Mairie","CornflowerBlue",1,
"44.557858","6.076376",,"Point",,"GAP","<b>14 heures</b> Préfecture","DarkTurquoise",1,
"47.684513","2.629911",,"Point",,"GIEN","<b>10 heures</b> Place Jean Jaurès","CornflowerBlue",1,
"49.27876","1.77761",,"Point",,"GISORS","<b>10 heures</b> Place de la Mairie","DarkTurquoise",1,
"48.837704","-1.597213",,"Point",,"GRANVILLE","<b>10 heures 30</b> Hôtel de Ville","DarkTurquoise",1,
"45.18614","5.71841",,"Point",,"GRENOBLE","<b>10 heures</b> Cours Jean Jaurès",,1,
"46.173783","1.879054",,"Point",,"GUÉRET","<b>10 heures</b> Gare SNCF Gare routière","DarkTurquoise",1,
"46.60214","4.06206",,"Point",,"GUEUGNON","<b>14 heures</b> Place des Forges","DarkTurquoise",,
"48.55593","-3.14329",,"Point",,"GUINGAMP","<b>10 heures 30</b> Gare SNCF","CornflowerBlue",1,
"48.81225","7.78372",,"Point",,"HAGUENAU","<b>14 heures</b> Parc de la Gare","CornflowerBlue",,
"49.917117","4.082569",,"Point",,"HIRSON","<b>14 heures</b> Rue de Dinant (CGT)",,1,
"47.639133","-3.453438",,"Point",,"ÎLE DE GROIX","<b>11 heures</b> Place du 19 Mars 1962","CornflowerBlue",1,
"45.54429","3.246452",,"Point",,"ISSOIRE","<b>17 heures</b>
Parvis de la Halle aux grains",,,
"46.948343","1.991138",,"Point",,"ISSOUDUN","<b>15 heures</b>
Place du 10 juin 1944","CornflowerBlue",1,
"5.157988","-52.642912",,"Point",,"KOUROU","<b>9 heures</b>
Mairie",,,
"48.764616","0.62488",,"Point",,"L'AIGLE","<b>17 heures 30</b> Place de la Poste","DarkTurquoise",1,
"48.18324","0.64885",,"Point",,"LA FERTÉ-BERNARD","<b>10 heures</b> COSEC",,,
"47.69938","-0.07525",,"Point",,"LA FLÈCHE","<b>10 heures </b> Place Henri IV",,1,
"46.948006","2.948563",,"Point",,"LA GUERCHE-SUR-L'AUBOIS","<b>10 heures 30</b> Place du Général de Gaulle","CornflowerBlue",1,
"46.682333","-1.433694",,"Point",,"LA ROCHE-SUR-YON","<b>14 heures</b> Boulevard Sully",,1,
"45.74012","0.38933",,"Point",,"LA ROCHEFOUCAULD","<b>10 heures</b> Parvis de la Gare SNCF","DarkTurquoise",,
"46.152977","-1.145926",,"Point",,"LA ROCHELLE","<b>12 heures</b> Parvis de la Gare SNCF","DarkTurquoise",1,
"45.5669","5.448",,"Point",,"LA TOUR DU PIN","<b>17 heures 30</b> Place Carnot",,,
"43.54555","1.51322",,"Point",,"LABÈGE","<b>15 heures</b> URSSAF Rue Pierre et Marie Curie","CornflowerBlue",,
"44.98577","4.57962",,"Point",,"LAMASTRE","<b>18 heures 30</b> Gradins Place des Frères Montgolfier",,1,
"48.476975","-2.500741",,"Point",,"LAMBALLE","<b>10 heures 30</b> Quai des Rêves","CornflowerBlue",1,
"44.555773","-0.24222",,"Point",,"LANGON","<b>10 heures 30</b> ","DarkTurquoise",,
"47.858476","5.331652",,"Point",,"LANGRES","<b>17 heures</b> Place Bel Air","CornflowerBlue",1,
"48.73196","-3.46194",,"Point",,"LANNION","<b>11 heures 30</b> Quai d’Aguillon","CornflowerBlue",1,
"49.547873","3.601179",,"Point",,"LAON","<b>16 heures</b> Carrefour de l’Europe",,1,
"48.068777","-0.772359",,"Point",,"LAVAL","<b>15 heures</b> Place de la Trémoille",,1,
"46.63213","1.061304",,"Point",,"LE BLANC","<b>16 heures 30</b> Place du Général de Gaulle","CornflowerBlue",1,
"45.05227","6.0304",,"Point",,"LE BOURG-D’OISANS","<b>10 heures</b> Mairie – Théâtre de verdure",,,
"44.906089","4.423319",,"Point",,"LE CHEYLARD","<b>14 heures</b> Mairie",,1,
"46.806463","4.429969",,"Point",,"LE CREUSOT","<b>14 heures 30</b> Avenue François Mitterrand Devant l'Alto","DarkTurquoise",1,
"49.497769","0.127437",,"Point",,"LE HAVRE","<b>10 heures</b> Cercle Franklin","DarkTurquoise",1,
"14.615849","-61.002477",,"Point",,"LE LAMENTIN","<b>8 heures 30</b> Place Émile Berlan (Église)",,,
"47.97948","0.174",,"Point",,"LE MANS","<b>13 heures 30</b> La Patte d'Oie d'Allonnes – Yoplait",,1,
"45.043287","3.888431",,"Point",,"LE PUY-EN-VELAY","<b>10 heures 30</b> Place Cadelade",,1,
"50.05791","1.38596",,"Point",,"LE TRÉPORT","<b>15 heures</b> Esplanade Salle Serge Reggiani",,,
"43.99263","3.60629",,"Point",,"LE VIGAN","<b>18 heures</b> Hôtel de ville","CornflowerBlue",1,
"46.497462","-1.783175",,"Point",,"LES SABLES-D’OLONNE","<b>14 heures 30</b> Place de la Liberté",,1,
"44.91556","-0.247836",,"Point",,"LIBOURNE","<b>14 heures</b>
Qaui Soucher","DarkTurquoise",,
"50.629653","3.068833",,"Point",,"LILLE","<b>14 heures 30</b> Place Simon Vollant Porte de Paris",,1,
"49.521434","0.532719",,"Point",,"LILLEBONNE","<b>14 heures 30</b> Mairie","DarkTurquoise",1,
"45.831737","1.262457",,"Point",,"LIMOGES","<b>14 heures</b> Carrefour Tourny","DarkTurquoise",1,
"49.146138","0.225409",,"Point",,"LISIEUX","<b>10 heures</b> Place François Mitterrand","DarkTurquoise",1,
"47.12943","0.99859",,"Point",,"LOCHES","<b>18 heures</b> Place du Marché aux Fleurs","CornflowerBlue",,
"43.733127","3.319483",,"Point",,"LODÈVE","<b>11 heures</b> Sous-Préfecture","CornflowerBlue",1,
"49.523976","5.763155",,"Point",,"LONGWY","<b>14 heures</b> Place Darche","CornflowerBlue",,
"46.674085","5.552194",,"Point",,"LONS-LE-SAUNIER","<b>10 heures 30</b> Place de la Liberté","DarkTurquoise",,
"47.735564","-3.37423",,"Point",,"LORIENT","<b>10 heures</b> Rond point de la Base Sous-Marine","CornflowerBlue",1,
"47.01022","0.08184",,"Point",,"LOUDUN","<b>10 heures</b> Mairie","DarkTurquoise",,
"46.626243","5.22217",,"Point",,"LOUHANS","<b>9 heures 30</b> Place de la Charité","DarkTurquoise",1,
"43.67526","4.13213",,"Point",,"LUNEL","<b>11 heures 30</b> Place de la République","CornflowerBlue",,
"45.767074","4.859476",,"Point",,"LYON","<b>13 heures</b> Manufacture des Tabacs",,1,
"46.303515","4.830025",,"Point",,"MÂCON","<b>14 heures 30</b> Maison des Syndicats","DarkTurquoise",1,
"-12.776951","45.232424",,"Point",,"MAMOUDZOU","<b>8 heures</b> Place de la République",,,
"43.829477","5.787271",,"Point",,"MANOSQUE","<b>14 heures</b> Gare routière","DarkTurquoise",,
"44.497726","0.168496",,"Point",,"MARMANDE","<b>14 heures</b> Esplanade de Maré","DarkTurquoise",1,
"43.293677","5.374197",,"Point",,"MARSEILLE","<b>10 heures 30</b> Vieux Port -Cours Jean Ballard","DarkTurquoise",1,
"43.417455","5.036566",,"Point",,"MARTIGUES","<b>10 heures </b> Lycée Jean Lurçat","DarkTurquoise",1,
"4.888713","-52.332462",,"Point",,"MATOURY","<b>9 heures</b> Family Plaza",,,
"50.279639","3.967465",,"Point",,"MAUBEUGE","<b>9 heures 30</b> Place de l’Hôtel de Ville",,,
"48.29199","-0.61056",,"Point",,"MAYENNE","<b>11 heures</b> Rond-point de Lactalis",,,
"48.95571","2.88743",,"Point",,"MEAUX","<b>9 heures 30</b> Place de l’Hôtel de Ville","MediumBlue",1,
"48.53936","2.66233",,"Point",,"MELUN","<b>9 heures 30</b> Place Saint-Jean","MediumBlue",,
"44.51733","3.49738",,"Point",,"MENDE","<b>10 heures 30</b> Place Urbain V","CornflowerBlue",1,
"49.114849","6.171264",,"Point",,"METZ","<b>14 heures</b> Devant l’Arsenal","CornflowerBlue",1,
"44.102341","3.074917",,"Point",,"MILLAU","<b>10 heures 30</b> Gare SNCF","CornflowerBlue",,
"46.674324","4.362608",,"Point",,"MONCEAU-LES-MINES","<b>14 heures 30</b> Place de la Mairie","DarkTurquoise",1,
"43.886016","-0.503204",,"Point",,"MONT-DE-MARSAN","<b>10 heures</b>
Arènes","DarkTurquoise",1,
"48.00105","2.731433",,"Point",,"MONTARGIS","<b>10 heures 30</b> Place du Pâtis","CornflowerBlue",1,
"44.018113","1.357155",,"Point",,"MONTAUBAN","<b>14 heures 30</b> Esplanade des Fontaines","CornflowerBlue",1,
"47.621232","4.336075",,"Point",,"MONTBARD","<b>15 heures</b> Place Gambetta","DarkTurquoise",1,
"47.500431","6.811395",,"Point",,"MONTBÉLIARD","<b>14 heures 30</b> Champ de Foire","DarkTurquoise",1,
"44.556619","4.747726",,"Point",,"MONTÉLIMAR","<b>14 heures</b> Théâtre",,1,
"46.346909","2.598229",,"Point",,"MONTLUÇON","<b>14 heures 30</b> Place Jean Dormoy",,1,
"48.871433","3.556459",,"Point",,"MONTMIRAIL","<b>15 heures</b>
Route de Châlons Axon’ Cable","CornflowerBlue",1,
"46.427346","0.873488",,"Point",,"MONTMORILLON","<b>10 heures</b> Place de la Victoire","DarkTurquoise",1,
"43.604182","3.895184",,"Point",,"MONTPELLIER","<b>14 heures</b> Rives du Lez","CornflowerBlue",1,
"47.69517","0.41805",,"Point",,"MONTVAL-SUR-LOIR","<b>13 heures 30</b> Place de l’Hôtel de Ville",,,
"48.578138","-3.828688",,"Point",,"MORLAIX","<b>14 heures</b> Place des Otages","CornflowerBlue",1,
"48.520452","0.545846",,"Point",,"MORTAGNE-AU-PERCHE","<b>17 heures 30</b> Place de la Mairie","DarkTurquoise",1,
"46.562943","3.330697",,"Point",,"MOULINS","<b>14 heures 30</b> Place de la Liberté",,1,
"47.745045","7.342665",,"Point",,"MULHOUSE","<b>13 heures 30</b> Square de la Bourse","CornflowerBlue",1,
"43.45975","1.3256",,"Point",,"MURET","<b>15 heures</b> Allées Niel","CornflowerBlue",1,
"48.693779","6.177428",,"Point",,"NANCY","<b>14 heures</b> Place Carnot","CornflowerBlue",1,
"47.21505","-1.549029",,"Point",,"NANTES","<b>10 heures 30</b> Miroir d'eau",,1,
"43.185798","3.001279",,"Point",,"NARBONNE","<b>14 heures 30</b> Médiathèque","CornflowerBlue",1,
"48.26277","2.71250",,"Point",,"NEMOURS","<b>9 heures 30</b> Lycée Étienne Bezout","MediumBlue",,
"46.986181","3.160356",,"Point",,"NEVERS","<b>10 heures</b> Bourse du Travail","DarkTurquoise",1,
"43.697138","7.270401",,"Point",,"NICE","<b>10 heures</b> Place Masséna","DarkTurquoise",1,
"43.839573","4.349642",,"Point",,"NÎMES","<b>14 heures 30</b> Jardins de la Fontaine – Avenue Jean Jaurès","CornflowerBlue",1,
"46.323016","-0.458604",,"Point",,"NIORT","<b>14 heures</b> Place de la Brèche","DarkTurquoise",1,
"48.31791","0.82",,"Point",,"NOGENT-LE-ROTROU","<b>11 heures</b> Centre culturel Mendes-France","CornflowerBlue",,
"44.3601","5.1308",,"Point",,"NYONS","<b>10 heures</b> Sous-Préfecture",,1,
"47.90147","1.909829",,"Point",,"ORLÉANS","<b>10 heures</b> Cathédrale","CornflowerBlue",1,
"46.26120","5.64846",,"Point",,"OYONNAX","<b>9 heures 30</b> Valexpo",,,
"43.11594","1.61063",,"Point",,"PAMIERS","<b>10 heures 30</b> Place de la République","CornflowerBlue",,
"-17.54517","-149.58085",,"Point",,"PAPEETE","<b>9 heures 30</b> Départ École To’ata",,,
"48.860685","2.313716",,"Point",,"PARIS","<b>14 heures</b> Invalides","Default",1,
"46.646961","-0.247659",,"Point",,"PARTHENAY","<b>16 heures</b> Place du Drapeau","DarkTurquoise",1,
"43.29862","-0.375166",,"Point",,"PAU","<b>10 heures 30</b> Place de Verdun","DarkTurquoise",1,
"45.18629","0.720849",,"Point",,"PÉRIGUEUX","<b>10 heures 30</b> Palais de Justice","DarkTurquoise",1,
"42.698426","2.887983",,"Point",,"PERPIGNAN","<b>10 heures 30</b> Place de Catalogne","CornflowerBlue",1,
"49.93001","2.9361",,"Point",,"PÉRONNE","<b>18 heures 30</b> Hôtel de ville",,,
"48.188815","2.248002",,"Point",,"PITHIVIERS","<b>10 heures 30</b> Rond-point Marie Curie","CornflowerBlue",1,
"47.929481","-2.396184",,"Point",,"PLOËRMEL","<b>11 heures</b> Place de l'Hôtel de Ville","CornflowerBlue",1,
"16.243544","-61.532434",,"Point",,"POINTE-À-PITRE","<b>9 heures</b> Palais de la mutualité",,,
"46.590345","0.340244",,"Point",,"POITIERS","<b>14 heures</b> Porte de Paris","DarkTurquoise",1,
"49.35574","0.517548",,"Point",,"PONT-AUDEMER","<b>10 heures</b> Place du Général de Gaulle ","DarkTurquoise",1,
"46.90413","6.35453",,"Point",,"PONTARLIER","<b>12 heures</b> Place d’Arçon","DarkTurquoise",1,
"48.065433","-2.966716",,"Point",,"PONTIVY","<b>10 heures</b> Place Aristide Briand","CornflowerBlue",1,
"41.59161","9.27909",,"Point",,"PORTO-VECCHIO","<b>10 heures</b> Mairie",,,
"44.735794","4.59987",,"Point",,"PRIVAS","<b>10 heures</b> Préfecture",,1,
"47.993843","-4.104259",,"Point",,"QUIMPER","<b>14 heures</b> Place de la Résistance","CornflowerBlue",1,
"47.874375","-3.553841",,"Point",,"QUIMPERLÉ","<b>10 heures</b> Gare SNCF","CornflowerBlue",1,
"47.651728","-2.083666",,"Point",,"REDON","<b>17 heures</b> Place de Bretagne","CornflowerBlue",1,
"49.937142","4.640656",,"Point",,"REVIN","<b>14 heures</b> Rue Louise Weiss","CornflowerBlue",,
"49.254543","4.040523",,"Point",,"REIMS","<b>10 heures</b> Maison des syndicats","CornflowerBlue",1,
"48.109258","-1.68403",,"Point",,"RENNES","<b>11 heures</b> Place de Bretagne","CornflowerBlue",1,
"46.039302","4.063284",,"Point",,"ROANNE","<b>10 heures</b> Devant l’Hôpital",,1,
"45.936617","-0.961475",,"Point",,"ROCHEFORT","<b>10 heures 30</b> Place Colbert","DarkTurquoise",1,
"44.362234","2.580561",,"Point",,"RODEZ","<b>14 heures</b> Gare SNCF","CornflowerBlue",1,
"45.0454","5.049883",,"Point",,"ROMANS-SUR-ISÈRE","<b>10 heures</b> Place Jules Nadi",,1,
"48.514884","3.728528",,"Point",,"ROMILLY-SUR-SEINE","<b>10 heures 30</b> Place de la Gare","CornflowerBlue",,
"47.342294","1.749235",,"Point",,"ROMORANTIN-LANTHENAY","<b>10 heures</b> Rond-point de Chat Lièvre","CornflowerBlue",1,
"49.434356","1.088939",,"Point",,"ROUEN","<b>10 heures</b> Cours Clémenceau","DarkTurquoise",1,
"45.36226","4.80189",,"Point",,"ROUSSILLON","<b>9 heures 30</b> Place de la République",,,
"45.624772","-1.029008",,"Point",,"ROYAN","<b>10 heures 30</b> Place Charles de Gaulle","DarkTurquoise",,
"46.028108","0.199277",,"Point",,"RUFFEC","<b>10 heures</b> Place d’Armes","DarkTurquoise",,
"47.84057","-0.336315",,"Point",,"SABLÉ-SUR-SARTHE","<b>11 heures</b> Place du Champ de Foire",,1,
"43.95767","2.88282",,"Point",,"SAINT-AFFRIQUE","<b>11 heures</b> Kiosque Jardin public","CornflowerBlue",,
"46.724917","2.499362",,"Point",,"SAINT-AMAND-MONTROND","<b>10 heures</b> Place Jean Giraud","CornflowerBlue",1,
"49.107949","6.697937",,"Point",,"SAINT-AVOLD","<b>10 heures</b> Parking Agora","CornflowerBlue",,
"48.509753","-2.751904",,"Point",,"SAINT-BRIEUC","<b>14 heures</b> Place de la Liberté","CornflowerBlue",1,
"46.38634","5.86541",,"Point",,"SAINT-CLAUDE","<b>10 heures 30</b> Place de l’Abbaye","DarkTurquoise",1,
"-20.879213","55.457445",,"Point",,"SAINT-DENIS","<b>9 heures</b> Place du Petit Marché",,1,
"48.28648","6.94738",,"Point",,"SAINT-DIÉ-DES-VOSGES","<b>9 heures 30</b> Tour de la Liberté","CornflowerBlue",1,
"48.637297","4.947377",,"Point",,"SAINT-DIZIER","<b>17 heures</b> Place Aristide Briand","CornflowerBlue",1,
"45.443087","4.399499",,"Point",,"SAINT-ÉTIENNE","<b>10 heures 30</b> Gare SNCF Châteaucreux",,1,
"46.992885","2.245358",,"Point",,"SAINT-FLORENT-SUR-CHER","<b>10 heures 30</b> Place de la République","CornflowerBlue",1,
"45.032819","3.088038",,"Point",,"SAINT-FLOUR","<b>17 heures</b>
Allées de l'Octroi",,1,
"43.10778","0.752503",,"Point",,"SAINT-GAUDENS","<b>15 heures</b> Place Jean Jaurès","CornflowerBlue",1,
"46.243874","6.025403",,"Point",,"SAINT-GENIS-POUILLY","<b>10 heures</b>
Place du Centre Culturel Jean Monnet",,,
"3.88879","-51.80132",,"Point",,"SAINT-GEORGES","<b>9 heures</b> Mairie",,,
"45.27942","6.346434",,"Point",,"SAINT-JEAN-DE-MAURIENNE","<b>10 heures</b> Champ de Foire",,1,
"45.88782","0.90306",,"Point",,"SAINT-JUNIEN","<b>10 heures</b> Place de la Bourse","DarkTurquoise",,
"49.51085","2.43017",,"Point",,"SAINT-JUST-EN-CHAUSSÉE","<b>18 heures</b> Rond-point Leclerc",,,
"5.505147","-54.029037",,"Point",,"SAINT-LAURENT-DU-MARONI","<b>9 heures</b>
Sous-préfecture",,,
"49.11555","-1.09092",,"Point",,"SAINT-LÔ","<b>10 heures 30</b> Place du Général de Gaulle (Mairie)","DarkTurquoise",1,
"48.646847","-2.005713",,"Point",,"SAINT-MALO","<b>11 heures</b> Esplanade de l’Europe","CornflowerBlue",1,
"45.15481","5.318917",,"Point",,"SAINT-MARCELLIN","<b>14 heures</b> Champs de Mars",,1,
"47.279622","-2.203059",,"Point",,"SAINT-NAZAIRE","<b>10 heures</b> Place de l'Amérique Latine",,1,
"50.753373","2.266402",,"Point",,"SAINT-OMER","<b>9 heures 30</b> Parvis de la Gare",,,
"-21.327556","55.47218",,"Point",,"SAINT-PIERRE","<b>7 heures</b> ZAC Canabady",,,
"46.780366","-56.171046",,"Point",,"SAINT-PIERRE-ET-MIQUELON","<b>14 heures</b>  Square Joffre",,,
"49.842125","3.294978",,"Point",,"SAINT-QUENTIN","<b>15 heures</b> Place du 8 Octobre",,1,
"49.09260","4.89870",,"Point",,"SAINTE-MENEHOULD","<b>16 heures</b> Hôtel de ville","CornflowerBlue",1,
"45.747466","-0.634257",,"Point",,"SAINTES","<b>10 heures 30</b> Palais de Justice","DarkTurquoise",1,
"45.9363","6.630437",,"Point",,"SALLANCHES","<b>17 heures 30</b> Quai de l’Hôtel de Ville",,1,
"43.64207","5.0959",,"Point",,"SALON-DE-PROVENCE","<b>15 heures</b> Kiosque à musique Place des Martyrs","DarkTurquoise",,
"44.887746","1.217605",,"Point",,"SARLAT-LA-CANÉDA","<b>15 heures</b> Place de la Grande Rigaudie","DarkTurquoise",1,
"48.734201","7.045455",,"Point",,"SARREBOURG","<b>10 heures</b> Route de Lunéville","CornflowerBlue",,
"49.111256","7.067492",,"Point",,"SARREGUEMINES","<b>10 heures</b> Place de la République","CornflowerBlue",,
"47.26092","-0.077199",,"Point",,"SAUMUR","<b>10 heures</b> Place de la Bilange",,1,
"48.743583","7.366655",,"Point",,"SAVERNE","<b>10 heures</b> Champ de Foire","CornflowerBlue",,
"47.685712","-0.86807",,"Point",,"SEGRÉ-EN-ANJOU","<b>10 heures</b> Place du Port",,1,
"48.257707","7.452252",,"Point",,"SÉLESTAT","<b>14 heures</b> Place Vanolles","CornflowerBlue",,
"48.192355","3.299578",,"Point",,"SENS","<b>10 heures</b> Devant l’Hôpital","DarkTurquoise",1,
"43.401427","3.695969",,"Point",,"SÈTE","<b>10 heures 30</b> Place de la Mairie","CornflowerBlue",1,
"48.72226","3.72097",,"Point",,"SÉZANNE","<b>14 heures 30</b> Place du Champ Benoist","CornflowerBlue",1,
"49.3664","3.3105",,"Point",,"SOISSONS","<b>12 heures</b> Rond-point de l’Archer",,1,
"48.586205","7.75746",,"Point",,"STRASBOURG","<b>14 heures</b> Avenue de la Liberté","CornflowerBlue",1,
"43.233534","0.086753",,"Point",,"TARBES","<b>10 heures</b> Bourse du Travail","CornflowerBlue",1,
"43.829411","-0.833845",,"Point",,"TARTAS","<b>12 heures 30</b> Rond-point de Bégaar","DarkTurquoise",1,
"49.65883","3.29778",,"Point",,"TERGNIER","<b>10 heures</b> Gare SNCF",,,
"45.85541","3.54891",,"Point",,"THIERS","<b>16 heures 30</b> Place Antonin Chastel",,,
"46.370331","6.480421",,"Point",,"THONON-LES-BAINS","<b>17 heures 30</b> Place des Arts",,1,
"46.979418","-0.215735",,"Point",,"THOUARS","<b>11 heures</b> Place Flandres Dunkerque","DarkTurquoise",1,
"48.673723","5.890329",,"Point",,"TOUL","<b>10 heures</b>
Place des Trois Évéchés","CornflowerBlue",,
"43.138252","6.016978",,"Point",,"TOULON","<b>13 heures 30</b> Rond-point de l’Université de la Garde","DarkTurquoise",1,
"43.59793","1.431302",,"Point",,"TOULOUSE","<b>15 heures 30</b> Saint-Cyprien","CornflowerBlue",1,
"45.064716","4.835025",,"Point",,"TOURNON-SUR-RHÔNE","<b>11 heures</b>
Place Carnot",,,
"46.561649","4.912198",,"Point",,"TOURNUS","<b>11 heures</b> Place de l’Hôtel de Ville","DarkTurquoise",1,
"47.396412","0.685867",,"Point",,"TOURS","<b>14 heures</b> Place Anatole France","CornflowerBlue",1,
"48.294665","4.070429",,"Point",,"TROYES","<b>14 heures 30</b> Place Jean Jaurès","CornflowerBlue",1,
"45.259316","1.755694",,"Point",,"TULLE","<b>15 heures</b> Marché couvert","DarkTurquoise",1,
"45.546015","2.307038",,"Point",,"USSEL","<b>15 heures</b> Place Voltaire","DarkTurquoise",1,
"44.01368","4.42021",,"Point",,"UZÈS","<b>10 heures</b> Mairie","CornflowerBlue",1,
"44.931395","4.885343",,"Point",,"VALENCE","<b>14 heures 30</b> Pont Frédéric Mistral",,1,
"50.359302","3.522974",,"Point",,"VALENCIENNES","<b>10 heures</b> Place du Marché aux Herbes",,1,
"47.660127","-2.790077",,"Point",,"VANNES","<b>10 heures</b> Giratoire de Kerlann","CornflowerBlue",1,
"47.793442","1.070298",,"Point",,"VENDÔME","<b>10 heures 30</b> Place Liberté","CornflowerBlue",1,
"49.159804","5.390832",,"Point",,"VERDUN","<b>9 heures</b> Parking du 8 mai 1945","CornflowerBlue",1,
"47.615566","6.143074",,"Point",,"VESOUL","<b>10 heures</b> Gare SNCF","DarkTurquoise",1,
"46.124954","3.426517",,"Point",,"VICHY","<b>14 heures 30</b> Place Charles de Gaulle",,1,
"45.52183","4.869406",,"Point",,"VIENNE","<b>14 heures</b> Champs de Mars",,1,
"47.209554","2.058172",,"Point",,"VIERZON","<b>10 heures 30</b> Rond-point Sous-préfecture","CornflowerBlue",1,
"44.348702","2.037138",,"Point",,"VILLEFRANCHE-DE-ROUERGUE","<b>11 heures</b> Place de la République","CornflowerBlue",,
"45.98921","4.711955",,"Point",,"VILLEFRANCHE-SUR-SAÔNE","<b>16 heures 30</b> Rue Philippe Héron",,1,
"44.40925","0.70562",,"Point",,"VILLENEUVE-SUR-LOT","<b>15 heures 30</b> Théâtre Georges Leygues","DarkTurquoise",1,
"49.29094","2.50006",,"Point",,"VILLERS-SAINT-PAUL","<b>10 heures</b> Place du 19 mars 1962",,,
"48.83841","-0.889732",,"Point",,"VIRE","<b>17 heures 30</b> Porte de l'Horloge","DarkTurquoise",1,
"48.122873","-1.211779",,"Point",,"VITRÉ","<b>17 heures</b> Place Général de Gaulle","CornflowerBlue",1,
"48.72884","4.587168",,"Point",,"VITRY-LE-FRANÇOIS","<b>10 heures 30</b> Place de la Marne","CornflowerBlue",1,
"45.07500","5.77225",,"Point",,"VIZILLE","<b>14 heures</b> Place du Château",,1,
"45.362958","5.593379",,"Point",,"VOIRON","<b>14 heures</b> Devant le Quartz",,1,
"49.61673","0.75523",,"Point",,"YVETOT","<b>10 heures 30</b> Place de l’Hôtel de Ville","DarkTurquoise",,
