"latitude","longitude","altitude","geometry","coordinates","name","dept","hour","description","_umap_options","code","nom"
"45.760113","5.686213",,"Point",,"BELLEY","01","9 heures 30","Place des Terreaux","Default",1,
"46.207034","5.229812",,"Point",,"BOURG-EN-BRESSE","01","14 heures","Champ de Foire","Default",1,
"46.26120","5.64846",,"Point",,"OYONNAX","01","9 heures 30","Valexpo","Default",1,
"46.107497","5.825983",,"Point",,"VALSERHÔNE","01","10 heures","Hôtel de ville","Default",1,
"49.037333","3.390312",,"Point",,"CHÂTEAU-THIERRY","02","7 heures","Zone de Leclerc","Default",1,
"49.917117","4.082569",,"Point",,"HIRSON","02","14 heures","Rue de Dinant (CGT)","Default",1,
"49.587109","3.647439",,"Point",,"LAON","02","10 heures","Centre commercial Leclerc","Default",1,
"49.842125","3.294978",,"Point",,"SAINT-QUENTIN","02","15 heures","Place du 8 Octobre","Default",1,
"49.3664","3.3105",,"Point",,"SOISSONS","02","12 heures","Rond-point de l’Archer","Default",1,
"46.346909","2.598229",,"Point",,"MONTLUÇON","03","14 heures 30","Place Jean Dormoy","Default",1,
"46.562943","3.330697",,"Point",,"MOULINS","03","14 heures 30","Place de la Liberté","Default",1,
"46.124954","3.426517",,"Point",,"VICHY","03","14 heures 30","Place Charles de Gaulle","Default",1,
"44.386182","6.650213",,"Point",,"BARCELONETTE","04","10 heures","Hôtel de ville","DarkTurquoise",1,
"44.091001","6.231327",,"Point",,"DIGNE-LES-BAINS","04","14 heures","Rond-point du 11 novembre 1918","DarkTurquoise",1,
"44.898467","6.640002",,"Point",,"BRIANÇON","05","14 heures 30","Sous-préfecture","DarkTurquoise",1,
"44.557858","6.076376",,"Point",,"GAP","05","10 heures","Préfecture","DarkTurquoise",1,
"43.676217","7.199607",,"Point",,"NICE","06","10 heures","Préfecture – CADAM","DarkTurquoise",1,
"45.243897","4.668551",,"Point",,"ANNONAY","07","14 heures 30","Gare routière","Default",1,
"44.61553","4.40128",,"Point",,"AUBENAS","07","14 heures","Rond-point Ponson","Default",1,
"44.98577","4.57962",,"Point",,"LAMASTRE","07","15 heures 30","Gradins Place des Frères Montgolfier","Default",1,
"44.906089","4.423319",,"Point",,"LE CHEYLARD","07","14 heures","Mairie","Default",1,
"44.734685","4.601083",,"Point",,"PRIVAS","07","10 heures","Tribunal","Default",1,
"49.773523","4.720952",,"Point",,"CHARLEVILLE-MÉZIÈRES","08","13 heures 30","Place Ducale","CornflowerBlue",1,
"42.963823","1.606933",,"Point",,"FOIX","09","14 heures","Haut de Villote","CornflowerBlue",1,
"48.238314","4.700347",,"Point",,"BAR-SUR-AUBE","10","15 heures 30","Servipôle Avenue du Général Leclerc","CornflowerBlue",1,
"48.517189","3.726005",,"Point",,"ROMILLY-SUR-SEINE","10","8 heures 30","Bourse du Travail<br> Rue de la Boule d’Or","CornflowerBlue",1,
"48.294665","4.070429",,"Point",,"TROYES","10","14 heures 30","Place Jean Jaurès","CornflowerBlue",1,
"43.202673","2.314253",,"Point",,"CARCASSONNE","11","14 heures 30","Rond-point Autoroute Ouest<br>(Darty Décathlon)","CornflowerBlue",1,
"43.18006","3.014224",,"Point",,"NARBONNE","11","14 heures 30","Théâtre","CornflowerBlue",1,
"44.350992","2.572843",,"Point",,"RODEZ","12","14 heures","Place d’Armes","CornflowerBlue",1,
"43.675102","4.628023",,"Point",,"ARLES","13","10 heures 30","Kiosque à musique","DarkTurquoise",1,
"43.295488","5.373967",,"Point",,"MARSEILLE","13","10 heures 30","Vieux Port","DarkTurquoise",1,
"49.180764","-0.347325",,"Point",,"CAEN","14","14 heures 30","Le Cargö","DarkTurquoise",1,
"48.88965","-0.19544",,"Point",,"FALAISE","14","17 heures 30","Place Edward Holman","DarkTurquoise",1,
"49.146138","0.225409",,"Point",,"LISIEUX","14","17 heures","Place François Mitterrand","DarkTurquoise",1,
"48.83841","-0.889732",,"Point",,"VIRE","14","17 heures 30","Porte de l'Horloge","DarkTurquoise",1,
"44.921072","2.435306",,"Point",,"AURILLAC","15","10 heures","Gare SNCF","Default",1,
"45.032819","3.088038",,"Point",,"SAINT-FLOUR","15","17 heures","Allées de l'Octroi","Default",1,
"45.64774","0.15435",,"Point",,"ANGOULÊME","16","11 heures","Gare SNCF","DarkTurquoise",1,
"45.693304","-0.32523",,"Point",,"COGNAC","16","17 heures 30","Place François 1er","DarkTurquoise",1,
"46.152977","-1.145926",,"Point",,"LA ROCHELLE","17","14 heures 30","Parvis de la Gare SNCF","DarkTurquoise",1,
"45.931065","-0.965488",,"Point",,"ROCHEFORT","17","10 heures 30","Rond-point du Polygone","DarkTurquoise",1,
"45.747466","-0.634257",,"Point",,"SAINTES","17","10 heures 30","Palais de Justice","DarkTurquoise",1,
"47.077531","2.399354",,"Point",,"BOURGES","18","10 heures","Place Séraucourt","CornflowerBlue",1,
"46.948006","2.948563",,"Point",,"LA GUERCHE-SUR-L'AUBOIS","18","10 heures 30","Place du Général de Gaulle","CornflowerBlue",1,
"46.724917","2.499362",,"Point",,"SAINT-AMAND-MONTROND","18","10 heures","Place Jean Giraud","CornflowerBlue",1,
"47.221851","2.068385",,"Point",,"VIERZON","18","10 heures 30","Place Jacques Brel","CornflowerBlue",1,
"45.163431","1.534213",,"Point",,"BRIVE-LA-GAILLARDE","19","10 heures","Place de la Guierle","DarkTurquoise",1,
"45.258844","1.756434",,"Point",,"TULLE","19","11 heures","Gare","DarkTurquoise",1,
"45.546015","2.307038",,"Point",,"USSEL","19","15 heures","Place Voltaire","DarkTurquoise",1,
"47.038544","4.837546",,"Point",,"BEAUNE","21","10 heures","Rue des Blanches Fleurs (NOZ)","DarkTurquoise",1,
"47.321236","5.041357",,"Point",,"DIJON","21","14 heures","Place de la Libération","DarkTurquoise",1,
"47.621232","4.336075",,"Point",,"MONTBARD","21","15 heures","Place Gambetta","DarkTurquoise",1,
"48.45398","-2.047918",,"Point",,"DINAN","22","11 heures","Esplanade de la Résistance","CornflowerBlue",1,
"48.561113","-3.147862",,"Point",,"GUINGAMP","22","10 heures 30","Hôtel de ville","CornflowerBlue",1,
"48.466242","-2.51161",,"Point",,"LAMBALLE","22","10 heures 30","Gare SNCF","CornflowerBlue",1,
"48.756354","-3.449292",,"Point",,"LANNION","22","11 heures 30","Giratoire Anita Conti<br>(Lannion Trégor Communauté)","CornflowerBlue",1,
"48.509753","-2.751904",,"Point",,"SAINT-BRIEUC","22","14 heures","Place de la Liberté","CornflowerBlue",1,
"46.173783","1.879054",,"Point",,"GUÉRET","23","10 heures","Gare SNCF Gare routière","DarkTurquoise",1,
"44.852914","0.48658",,"Point",,"BERGERAC","24","15 heures","Place du Palais","DarkTurquoise",1,
"45.18629","0.720849",,"Point",,"PÉRIGUEUX","24","10 heures 30","Palais de Justice","DarkTurquoise",1,
"44.86953","1.205803",,"Point",,"SARLAT-LA-CANÉDA","24","15 heures","Lycée Pré de Cordy","DarkTurquoise",1,
"47.244199","6.020304",,"Point",,"BESANÇON","25","14 heures","Parking Battant","DarkTurquoise",1,
"47.500431","6.811395",,"Point",,"MONTBÉLIARD","25","14 heures 30","Champ de Foire","DarkTurquoise",1,
"46.90413","6.35453",,"Point",,"PONTARLIER","25","16 heures 30","Place d’Arçon","DarkTurquoise",1,
"44.531103","4.74574",,"Point",,"MONTÉLIMAR","26","14 heures","Rond-point du Soleil Levant","Default",1,
"44.361818","5.140126",,"Point",,"NYONS","26","10 heures","Mairie","Default",1,
"45.0454","5.049883",,"Point",,"ROMANS-SUR-ISÈRE","26","10 heures","Place Jules Nadi","Default",1,
"44.940061","4.915481",,"Point",,"VALENCE","26","14 heures 30","Giratoire de Valence 2","Default",1,
"49.023239","1.136377",,"Point",,"ÉVREUX","27","12 heures","Rond-point Cora","DarkTurquoise",1,
"49.27876","1.77761",,"Point",,"GISORS","27","10 heures","Place de la Mairie","DarkTurquoise",1,
"49.35732","0.516529",,"Point",,"PONT-AUDEMER","27","10 heures","Place de Verdun","DarkTurquoise",1,
"49.094771","1.486303",,"Point",,"VERNON","27","10 heures","Rond-point Clémenceau","DarkTurquoise",1,
"48.442737","1.485767",,"Point",,"CHARTRES","28","14 heures 30","Théâtre","CornflowerBlue",1,
"48.390615","-4.485641",,"Point",,"BREST","29","10 heures 30","Place de la Liberté","CornflowerBlue",1,
"48.27707","-3.570836",,"Point",,"CARHAIX-PLOUGUER","29","10 heures 30","Place du Champ de Foire","CornflowerBlue",1,
"48.584476","-3.836274",,"Point",,"MORLAIX","29","11 heures","Place Edmond Puyo","CornflowerBlue",1,
"48.455376","-5.097275",,"Point",,"OUESSANT","29","11 heures 30","Place de la Mairie","CornflowerBlue",1,
"48.012506","-4.077494",,"Point",,"QUIMPER","29","10 heures 30","Route de Brest – Rond-point Fly","CornflowerBlue",1,
"47.874375","-3.553841",,"Point",,"QUIMPERLÉ","29","10 heures 30","Gare SNCF","CornflowerBlue",1,
"41.92715","8.738975",,"Point",,"AJACCIO","2A","14 heures","Devant la Gare SNCF","Default",1,
"42.692522","9.449755",,"Point",,"BASTIA","2B","10 heures","Place Vincetti","Default",1,
"44.126577","4.080492",,"Point",,"ALÈS","30","10 heures","Sous-préfecture","CornflowerBlue",1,
"44.161511","4.617906",,"Point",,"BAGNOLS-SUR-CÈZE","30","10 heures 30","Monument aux Morts","CornflowerBlue",1,
"43.99263","3.60629",,"Point",,"LE VIGAN","30","18 heures","Hôtel de ville","CornflowerBlue",1,
"43.839573","4.349642",,"Point",,"NÎMES","30","14 heures 30","Jardins de la Fontaine – Avenue Jean Jaurès","CornflowerBlue",1,
"44.01368","4.42021",,"Point",,"UZÈS","30","10 heures","Mairie","CornflowerBlue",1,
"43.45975","1.3256",,"Point",,"MURET","31","15 heures","Allées Niel","CornflowerBlue",1,
"43.109557","0.728004",,"Point",,"SAINT-GAUDENS","31","15 heures","Place Jean Pégot","CornflowerBlue",1,
"43.59793","1.431302",,"Point",,"TOULOUSE","31","15 heures","Saint-Cyprien","CornflowerBlue",1,
"43.647015","0.596389",,"Point",,"AUCH","32","10 heures 30","Gare SNCF","CornflowerBlue",1,
"44.844155","-0.576289",,"Point",,"BORDEAUX","33","12 heures","Allées de Tourny","DarkTurquoise",1,
"43.31548","3.47166",,"Point",,"AGDE","34","17 heures","Moulin des Évêques","CornflowerBlue",1,
"43.61664","3.15743",,"Point",,"BÉDARIEUX","34","10 heures 30","Maison des syndicats","CornflowerBlue",1,
"43.345514","3.219705",,"Point",,"BÉZIERS","34","10 heures 30","Maison des syndicats","CornflowerBlue",1,
"43.93568","3.70887",,"Point",,"GANGES","34","12 heures","Mairie","CornflowerBlue",1,
"43.733127","3.319483",,"Point",,"LODÈVE","34","11 heures","Sous-Préfecture","CornflowerBlue",1,
"43.67526","4.13213",,"Point",,"LUNEL","34","11 heures 30","Place de la République","CornflowerBlue",1,
"43.608002","3.890781",,"Point",,"MONTPELLIER","34","10 heures 30","Place Zeus","CornflowerBlue",1,
"43.401427","3.695969",,"Point",,"SÈTE","34","10 heures 30","Place de la Mairie","CornflowerBlue",1,
"48.41479","-1.74226",,"Point",,"COMBOURG","35","18 heures","Lycée Châteaubriand","CornflowerBlue",1,
"48.350359","-1.194607",,"Point",,"FOUGÈRES","35","17 heures 30","Esplanade des Chaussonnières","CornflowerBlue",1,
"48.138775","-1.949489",,"Point",,"MONTFORT-SUR-MEU","35","18 heures","Gare SNCF","CornflowerBlue",1,
"47.651728","-2.083666",,"Point",,"REDON","35","17 heures","Place de Bretagne","CornflowerBlue",1,
"48.109258","-1.68403",,"Point",,"RENNES","35","11 heures","Place de Bretagne","CornflowerBlue",1,
"48.646847","-2.005713",,"Point",,"SAINT-MALO","35","11 heures","Esplanade de l’Europe","CornflowerBlue",1,
"48.122873","-1.211779",,"Point",,"VITRÉ","35","17 heures","Place Général de Gaulle","CornflowerBlue",1,
"46.58556","1.522615",,"Point",,"ARGENTON-SUR-CREUSE","36","15 heures","Place de Champ de Foire","CornflowerBlue",1,
"46.811418","1.691728",,"Point",,"CHÂTEAUROUX","36","10 heures","Place de la République","CornflowerBlue",1,
"46.948343","1.991138",,"Point",,"ISSOUDUN","36","15 heures","Place du 10 juin 1944","CornflowerBlue",1,
"46.631987","1.061624",,"Point",,"LE BLANC","36","16 heures 30","Sous-préfecture","CornflowerBlue",1,
"47.379693","0.69278",,"Point",,"TOURS","37","10 heures","Place de la Liberté","CornflowerBlue",1,
"45.589291","5.276621",,"Point",,"BOURGOIN-JALLIEU","38","10 heures","Place Saint-Michel","Default",1,
"45.189528","5.719582",,"Point",,"GRENOBLE","38","14 heures","Alsace Lorraine","Default",1,
"45.05227","6.0304",,"Point",,"LE BOURG-D’OISANS","38","10 heures","Mairie – Théâtre de verdure","Default",1,
"45.15481","5.318917",,"Point",,"SAINT-MARCELLIN","38","14 heures","Champs de Mars","Default",1,
"45.655722","5.101642",,"Point",,"SAINT-QUENTIN-FALLAVIER","38","9 heures 30","Parking Relais CAPI","Default",1,
"45.52183","4.869406",,"Point",,"VIENNE","38","14 heures 30","Champs de Mars","Default",1,
"45.07500","5.77225",,"Point",,"VIZILLE","38","10 heures","Place du Château","Default",1,
"47.091484","5.497799",,"Point",,"DOLE","39","10 heures 30","Avenue de Lahr","DarkTurquoise",1,
"46.674085","5.552194",,"Point",,"LONS-LE-SAUNIER","39","15 heures","Place de la Liberté","DarkTurquoise",1,
"46.38634","5.86541",,"Point",,"SAINT-CLAUDE","39","10 heures","Place de l’Abbaye","DarkTurquoise",1,
"43.886016","-0.503204",,"Point",,"MONT-DE-MARSAN","40","10 heures","Arènes","DarkTurquoise",1,
"47.590239","1.334289",,"Point",,"BLOIS","41","14 heures 30","Préfecture","CornflowerBlue",1,
"47.36842","1.711271",,"Point",,"ROMORANTIN-LANTHENAY","41","10 heures","Rond-point Route de Blois","CornflowerBlue",1,
"47.793442","1.070298",,"Point",,"VENDÔME","41","10 heures 30","Place Liberté","CornflowerBlue",1,
"46.039302","4.063284",,"Point",,"ROANNE","42","10 heures","Centre universitaire<br>Avenue de Paris","Default",1,
"45.426803","4.404434",,"Point",,"SAINT-ÉTIENNE","42","10 heures 30","CCI – Cours Fauriel","Default",1,
"45.043287","3.888431",,"Point",,"LE PUY-EN-VELAY","43","10 heures 30","Place Cadelade","Default",1,
"47.373296","-1.178799",,"Point",,"ANCENIS","44","10 heures","Rassemblement station Esso","Default",1,
"47.721225","-1.376123",,"Point",,"CHÂTEAUBRIANT","44","10 heures","Place de la Mairie","Default",1,
"47.08619","-1.28616",,"Point",,"CLISSON","44","15 heures","Parvis de la gare","Default",1,
"47.21505","-1.549029",,"Point",,"NANTES","44","10 heures 30","Miroir d'eau","Default",1,
"47.279622","-2.203059",,"Point",,"SAINT-NAZAIRE","44","10 heures","Place de l'Amérique Latine","Default",1,
"47.358464","-1.950433",,"Point",,"SAVENAY","44","17 heures","Place de la Gare","Default",1,
"47.781227","1.616943",,"Point",,"BEAUGENCY","45","10 heures 30","Parking des Chaussées","CornflowerBlue",1,
"47.684513","2.629911",,"Point",,"GIEN","45","10 heures","Place Jean Jaurès","CornflowerBlue",1,
"48.00105","2.731433",,"Point",,"MONTARGIS","45","10 heures 30","Place du Pâtis","CornflowerBlue",1,
"47.90147","1.909829",,"Point",,"ORLÉANS","45","10 heures","Cathédrale","CornflowerBlue",1,
"48.171729","2.25455",,"Point",,"PITHIVIERS","45","10 heures 30","Rond-point Marie Curie","CornflowerBlue",1,
"44.927117","1.845352",,"Point",,"BIARS-SUR-CÈRE","46","10 heures","Place de la Mairie","CornflowerBlue",1,
"44.445726","1.441092",,"Point",,"CAHORS","46","14 heures","Place François Mitterrand","CornflowerBlue",1,
"44.609328","2.028126",,"Point",,"FIGEAC","46","14 heures 30","Lycée Jean-François Champollion","CornflowerBlue",1,
"44.198274","0.615631",,"Point",,"AGEN","47","10 heures","Parc de la Préfecture","DarkTurquoise",1,
"44.497726","0.168496",,"Point",,"MARMANDE","47","14 heures","Esplanade de Maré","DarkTurquoise",1,
"44.40925","0.70562",,"Point",,"VILLENEUVE-SUR-LOT","47","15 heures 30","Théâtre Georges Leygues","DarkTurquoise",1,
"44.51733","3.49738",,"Point",,"MENDE","48","17 heures","Place Urbain V","CornflowerBlue",1,
"47.471452","-0.545315",,"Point",,"ANGERS","49","14 heures","Place du Maréchal Leclerc","Default",1,
"47.061727","-0.880019",,"Point",,"CHOLET","49","10 heures","Place Travot","Default",1,
"47.26092","-0.077199",,"Point",,"SAUMUR","49","10 heures","Place de la Bilange","Default",1,
"47.685712","-0.86807",,"Point",,"SEGRÉ-EN-ANJOU","49","10 heures","Place du Port","Default",1,
"48.68675","-1.361739",,"Point",,"AVRANCHES","50","15 heures 30","Mairie","DarkTurquoise",1,
"49.643509","-1.625113",,"Point",,"CHERBOURG-EN-COTENTIN","50","14 heures","Place Napoléon","DarkTurquoise",1,
"49.049022","-1.44403",,"Point",,"COUTANCES","50","10 heures 30","Place Saint-Nicolas","DarkTurquoise",1,
"48.837704","-1.597213",,"Point",,"GRANVILLE","50","10 heures 30","Hôtel de Ville","DarkTurquoise",1,
"49.11555","-1.09092",,"Point",,"SAINT-LÔ","50","10 heures 30","Place du Général de Gaulle (Mairie)","DarkTurquoise",1,
"48.96261","4.366572",,"Point",,"CHÂLONS-EN-CHAMPAGNE","51","10 heures","Maison des syndicats","CornflowerBlue",1,
"49.044054","3.951111",,"Point",,"ÉPERNAY","51","10 heures 30","Place Carnot","CornflowerBlue",1,
"48.871433","3.556459",,"Point",,"MONTMIRAIL","51","15 heures","Route de Châlons Axon’ Cable","CornflowerBlue",1,
"49.254543","4.040523",,"Point",,"REIMS","51","10 heures","Maison des syndicats","CornflowerBlue",1,
"48.72226","3.72097",,"Point",,"SÉZANNE","51","14 heures 30","Place du Champ Benoist","CornflowerBlue",1,
"48.718354","4.586835",,"Point",,"VITRY-LE-FRANÇOIS","51","10 heures 30","Place de la Gare","CornflowerBlue",1,
"48.111146","5.139646",,"Point",,"CHAUMONT","52","17 heures","Place de l'Hôtel de Ville","CornflowerBlue",1,
"47.858476","5.331652",,"Point",,"LANGRES","52","14 heures","Place Bel Air","CornflowerBlue",1,
"48.637127","4.94741",,"Point",,"SAINT-DIZIER","52","17 heures","Place Aristide Briand","CornflowerBlue",1,
"48.073778","-0.772079",,"Point",,"LAVAL","53","11 heures","Square de Boston","Default",1,
"49.523976","5.763155",,"Point",,"LONGWY","54","14 heures","Place Darche","CornflowerBlue",,
"48.693779","6.177428",,"Point",,"NANCY","54","14 heures","Place Carnot","CornflowerBlue",1,
"48.673723","5.890329",,"Point",,"TOUL","54","10 heures","Place des Trois Évéchés","CornflowerBlue",1,
"48.76636","5.17655",,"Point",,"BAR-LE-DUC","55","13 heures 30","Parking Lidl Bradfer","CornflowerBlue",1,
"47.346732","-3.153291",,"Point",,"BELLE-ÎLE-EN-MER","56","11 heures","Quai Bonnelle","CornflowerBlue",1,
"47.639133","-3.453438",,"Point",,"ÎLE DE GROIX","56","11 heures","Place du 19 Mars 1962","CornflowerBlue",1,
"47.760799","-3.364928",,"Point",,"LORIENT","56","10 heures","Pont Saint-Christophe","CornflowerBlue",1,
"47.929481","-2.396184",,"Point",,"PLOËRMEL","56","11 heures","Place de l'Hôtel de Ville","CornflowerBlue",1,
"48.065289","-2.966781",,"Point",,"PONTIVY","56","10 heures","La Plaine","CornflowerBlue",1,
"47.660127","-2.790077",,"Point",,"VANNES","56","10 heures 30","Giratoire de Kerlann","CornflowerBlue",1,
"49.110168","6.176945",,"Point",,"METZ","57","14 heures","Place de la Gare","CornflowerBlue",1,
"46.992235","3.14607",,"Point",,"NEVERS","58","11 heures","Rue du 13e de Ligne (Gamm Vert)","DarkTurquoise",1,
"50.176486","3.228768",,"Point",,"CAMBRAI","59","10 heures 30","Sous-préfecture","Default",1,
"50.367618","3.082969",,"Point",,"DOUAI","59","10 heures","Place d’Armes","Default",1,
"51.030687","2.36971",,"Point",,"DUNKERQUE","59","14 heures 30 ","Place de la Gare","Default",1,
"50.01555","4.04043",,"Point",,"FOURMIES","59","10 heures","Place Georges Coppeaux","Default",1,
"50.629653","3.068833",,"Point",,"LILLE","59","14 heures 30","Place Simon Vollant<br>Porte de Paris","Default",1,
"50.273104","3.967068",,"Point",,"MAUBEUGE","59","10 heures","Pôle Gare","Default",1,
"50.35787","3.523556",,"Point",,"VALENCIENNES","59","10 heures","Place d’Armes","Default",1,
"49.43738","2.073573",,"Point",,"BEAUVAIS","60","14 heures","Préfecture","Default",1,
"49.377089","2.416582",,"Point",,"CLERMONT","60","10 heures","CHI","Default",1,
"49.420982","2.82649",,"Point",,"COMPIÈGNE","60","14 heures 30","Cours Guynemer","Default",1,
"49.300907","2.602228",,"Point",,"PONT-SAINTE-MAXENCE","60","9 heures","La Manekine","Default",1,
"48.436017","0.090267",,"Point",,"ALENÇON","61","10 heures 30","Boulevard de Strasbourg<br>Conseil Départemental","DarkTurquoise",1,
"48.743678","-0.015916",,"Point",,"ARGENTAN","61","11 heures","Hôtel de Ville","DarkTurquoise",1,
"48.750254","-0.566418",,"Point",,"FLERS","61","17 heures","Place du Général de Gaulle","DarkTurquoise",1,
"48.764616","0.62488",,"Point",,"L'AIGLE","61","17 heures 30","Place de la Poste","DarkTurquoise",1,
"48.520452","0.545846",,"Point",,"MORTAGNE-AU-PERCHE","61","17 heures 30","Place de la Mairie","DarkTurquoise",1,
"50.287403","2.780968",,"Point",,"ARRAS","62","9 heures 30","Place de la Gare","Default",1,
"50.521606","2.640431",,"Point",,"BÉTHUNE","62","9 heures","Gare SNCF","Default",1,
"50.959508","1.849909",,"Point",,"CALAIS","62","9 heures 30","Place d’Armes","Default",1,
"45.785748","3.100441",,"Point",,"CLERMONT-FERRAND","63","10 heures","Place du 1er Mai","Default",1,
"45.54429","3.246452",,"Point",,"ISSOIRE","63","17 heures","Parvis de la Halle aux grains","Default",1,
"43.49697","-1.474716",,"Point",,"BAYONNE","64","10 heures 30","Place Sainte-Ursule","DarkTurquoise",1,
"43.29862","-0.375166",,"Point",,"PAU","64","10 heures 30","Place de Verdun","DarkTurquoise",1,
"43.233534","0.086753",,"Point",,"TARBES","65","10 heures","Bourse du Travail","CornflowerBlue",1,
"42.698426","2.887983",,"Point",,"PERPIGNAN","66","10 heures 30","Place de Catalogne","CornflowerBlue",1,
"42.616056","2.421383",,"Point",,"PRADES","66","10 heures 30","Sous-préfecture","CornflowerBlue",1,
"48.586205","7.75746",,"Point",,"STRASBOURG","67","14 heures","Avenue de la Liberté","CornflowerBlue",1,
"48.073414","7.358713",,"Point",,"COLMAR","68","14 heures","Rue de Turenne","CornflowerBlue",1,
"47.743681","7.342614",,"Point",,"MULHOUSE","68","14 heures","Place du Général de Gaulle<br>Sous-préfecture","CornflowerBlue",1,
"45.767074","4.859476",,"Point",,"LYON","69","11 heures","Manufacture des Tabacs","Default",1,
"47.621018","6.160081",,"Point",,"VESOUL","70","14 heures","Place Pierre Renet","DarkTurquoise",1,
"46.954803","4.29338",,"Point",,"AUTUN","71","14 heures 30","Parking de la gare","DarkTurquoise",1,
"46.786799","4.858652",,"Point",,"CHALON-SUR-SAÔNE","71","14 heures 30","Maison des Syndicats","DarkTurquoise",1,
"46.431794","4.65536",,"Point",,"CLUNY","71","10 heures","Lycée La Prat’s","DarkTurquoise",1,
"46.806463","4.429969",,"Point",,"LE CREUSOT","71","14 heures 30","Avenue François Mitterrand Devant l'Alto","DarkTurquoise",1,
"46.626243","5.22217",,"Point",,"LOUHANS","71","9 heures 30","Place de la Charité","DarkTurquoise",1,
"46.303544","4.834317",,"Point",,"MÂCON","71","14 heures 30","Esplanade Lamartine","DarkTurquoise",1,
"46.674324","4.362608",,"Point",,"MONCEAU-LES-MINES","71","14 heures 30","Place de la Mairie","DarkTurquoise",1,
"46.561649","4.912198",,"Point",,"TOURNUS","71","14 heures 30","Place de l’Hôtel de Ville","DarkTurquoise",1,
"48.007758","0.199047",,"Point",,"LE MANS","72","13 heures 30","Place des Jacobins","Default",1,
"45.672866","6.383421",,"Point",,"ALBERTVILLE","73","10 heures","Gare SNCF","Default",1,
"45.568141","5.919206",,"Point",,"CHAMBÉRY","73","14 heures","Place du palais de justice","Default",1,
"45.27942","6.346434",,"Point",,"SAINT-JEAN-DE-MAURIENNE","73","10 heures","Champ de Foire","Default",1,
"45.902254","6.128818",,"Point",,"ANNECY","74","14 heures","Préfecture","Default",1,
"46.193044","6.234119",,"Point",,"ANNEMASSE","74","17 heures","Place de l'Hôtel de Ville","Default",1,
"46.057846","6.580288",,"Point",,"CLUSES","74","16 heures","Place des Allobroges","Default",1,
"45.9363","6.630437",,"Point",,"SALLANCHES","74","17 heures","Quai de l’Hôtel de Ville","Default",1,
"46.370331","6.480421",,"Point",,"THONON-LES-BAINS","74","17 heures 30","Place des Arts","Default",1,
"48.8534","2.369276",,"Point",,"PARIS","75","14 heures","Bastille","Paris",1,
"49.92211","1.08071",,"Point",,"DIEPPE","76","10 heures 30","Place Pierre Semard <br> Gare SNCF","DarkTurquoise",1,
"49.29206","1.00713",,"Point",,"ELBEUF","76","17 heures","Hôtel de ville","DarkTurquoise",1,
"50.048416","1.419787",,"Point",,"EU","76","15 heures","Place Guillaume le Conquérant","DarkTurquoise",1,
"49.757905","0.385026",,"Point",,"FÉCAMP","76","14 heures 30","Espace Henri Dunant","DarkTurquoise",1,
"49.482353","1.723922",,"Point",,"GOURNAY-EN-BRAY","76","10 heures 30","Place Nationale","DarkTurquoise",1,
"49.497769","0.127437",,"Point",,"LE HAVRE","76","10 heures","Cercle Franklin","DarkTurquoise",1,
"49.521434","0.532719",,"Point",,"LILLEBONNE","76","14 heures 30","Mairie","DarkTurquoise",1,
"49.434356","1.088939",,"Point",,"ROUEN","76","10 heures","Cours Clémenceau","DarkTurquoise",1,
"46.837622","-0.494865",,"Point",,"BRESSUIRE","79","14 heures","Place Saint-Jacques","DarkTurquoise",1,
"46.323016","-0.458604",,"Point",,"NIORT","79","14 heures","Place de la Brèche","DarkTurquoise",1,
"46.646961","-0.247659",,"Point",,"PARTHENAY","79","16 heures","Place du Drapeau","DarkTurquoise",1,
"46.979418","-0.215735",,"Point",,"THOUARS","79","11 heures","Place Flandres Dunkerque","DarkTurquoise",1,
"50.106212","1.840478",,"Point",,"ABBEVILLE","80","10 heures","Boulevard Vauban","Default",1,
"49.894068","2.292323",,"Point",,"AMIENS","80","14 heures","Maison de la Culture","Default",1,
"43.92714","2.14789",,"Point",,"ALBI","81","14 heures 30","Place du Vigan","CornflowerBlue",1,
"43.604227","2.245787",,"Point",,"CASTRES","81","11 heures","Place Soult","CornflowerBlue",1,
"44.018113","1.357155",,"Point",,"MONTAUBAN","82","10 heures","Esplanade des Fontaines","CornflowerBlue",1,
"43.408937","6.061728",,"Point",,"BRIGNOLES","83","15 heures 30","Berges du Caramy","DarkTurquoise",1,
"43.53815","6.461602",,"Point",,"DRAGUIGNAN","83","10 heures 30","Sous-préfecture","DarkTurquoise",1,
"43.125998","5.930343",,"Point",,"TOULON","83","10 heures","Place de la Liberté","DarkTurquoise",1,
"43.947292","4.800175",,"Point",,"AVIGNON","84","10 heures","Porte Saint-Dominique","DarkTurquoise",1,
"46.848234","-1.876932",,"Point",,"CHALLANS","85","10 heures 30","Place du Champ de Foire","Default",1,
"46.467143","-0.809019",,"Point",,"FONTENAY-LE-COMTE","85","10 heures","Place de Verdun","Default",1,
"46.657795","-1.430347",,"Point",,"LA ROCHE-SUR-YON","85","14 heures 30","Boulevard Antoine Tortat – CCI","Default",1,
"46.514162","-1.790015",,"Point",,"LES SABLES-D’OLONNE","85","10 heures 30","Rond-point de Décahtlon","Default",1,
"46.818474","0.545741",,"Point",,"CHÂTELLERAULT","86","10 heures","Le Kiosque Boulevard Blossac","DarkTurquoise",1,
"46.14857","0.29519",,"Point",,"CIVRAY","86","10 heures","Mairie","DarkTurquoise",1,
"47.006083","0.086035",,"Point",,"LOUDUN","86","10 heures","Lycée Guy Chauvet","DarkTurquoise",1,
"46.427346","0.873488",,"Point",,"MONTMORILLON","86","10 heures","Place de la Victoire","DarkTurquoise",1,
"46.590345","0.340244",,"Point",,"POITIERS","86","14 heures","Porte de Paris","DarkTurquoise",1,
"45.831737","1.262457",,"Point",,"LIMOGES","87","14 heures","Carrefour Tourny","DarkTurquoise",1,
"48.172668","6.448336",,"Point",,"ÉPINAL","88","14 heures","Préfecture","CornflowerBlue",1,
"48.28648","6.94738",,"Point",,"SAINT-DIÉ-DES-VOSGES","88","9 heures 30","Tour de la Liberté","CornflowerBlue",1,
"47.791971","3.566861",,"Point",,"AUXERRE","89","14 heures","Maison des Syndicats","DarkTurquoise",1,
"48.20064","3.282329",,"Point",,"SENS","89","10 heures","Sous-préfecture","DarkTurquoise",1,
"47.641784","6.851413",,"Point",,"BELFORT","90","10 heures","La Maison du Peuple","DarkTurquoise",1,
"14.605584","-61.064297",,"Point",,"FORT-DE-FRANCE","972","8 heures 30","Maison des Syndicats","Default",1,
"5.157988","-52.642912",,"Point",,"KOUROU","973","6 heures 30","Mairie","Default",1,
"4.896848","-52.328648",,"Point",,"MATOURY","973","5 heures","Rond-point Crique Fouillée","Default",1,
"4.92726","-52.289858",,"Point",,"REMIRE-MONTJOLY","973","5 heures","Giratoire de Suzini","Default",1,
"5.505147","-54.029037",,"Point",,"SAINT-LAURENT-DU-MARONI","973","11 heures","Sous-préfecture","Default",1,
"46.780366","-56.171046",,"Point",,"SAINT-PIERRE-ET-MIQUELON","975","14 heures","Square Joffre","Default",1,
"-12.776951","45.232424",,"Point",,"MAMOUDZOU","976","7 heures","Place de la République","Default",1,
"-17.543903","-149.570419",,"Point",,"PAPEETE","987","8 heures","Monument aux Morts<br>Avenue Pouvana’a a Oopa","Default",1,
